filename,source_type,text,C1__expert,C2__expert,C3__expert,C4__expert,C5__expert,C6__expert,C1,C2,C3,C4,C5,C6,C1_flag,C2_flag,C3_flag,C4_flag,C5_flag,C6_flag,C1_rationale,C2_rationale,C3_rationale,C4_rationale,C5_rationale,C6_rationale,element_score_raw
Case003_000000.docx,docx,Placeholder text for scoring.,0,0,0,0,0,0,0,0,0,0,0,0,CI-ok,CI-ok,CI-ok,CI-ok,CI-ok,CI-ok,Minimal evidence of design requirements related to prior research. The list provided lacks clear linkage to any prior research or data.,"Minimal evidence of clear, detailed, and prioritized design requirements. The list provided is incomplete, lacks detail, and does not prioritize requirements.",Minimal evidence of high-priority design requirements. The document does not clearly identify any requirements as high priority.,Minimal evidence of objective and measurable design requirements. The requirements mentioned are not consistently measurable or objective.,Minimal evidence that design requirements would lead to a tangible and viable problem solution. The document lacks a clear connection between requirements and a viable solution.,Minimal evidence of primary stakeholder validation. The document does not provide clear evidence of requirements being validated by primary stakeholder groups.,1
Case004_000000.docx,docx,Placeholder text for scoring.,0,0,0,0,0,0,0,0,0,0,0,0,CI-ok,CI-ok,CI-ok,CI-ok,CI-ok,CI-ok,"The document mentions identifying limiting factors, needs, wants, and problems, but the linkage between design requirements and prior research is weak and not clearly articulated.","Design requirements are listed and prioritized, but the level of detail is lacking. Prioritization is attempted but not explicitly structured.","Only one high-priority design requirement is identified, and it is not clearly distinguished from other requirements.","Design requirements are generally objective and measurable, but there are instances where they may lack specificity.","Design requirements have the potential to lead to a tangible and viable problem solution, but the document does not provide strong evidence of a clear path.","There is no evidence presented that requirements represent the needs of, and have been validated by, primary stakeholder groups.",1.833333333
Case006_000120.docx,docx,Placeholder text for scoring.,0,0,0,1,2,0,0,0,0,0,0,0,CI-ok,CI-ok,CI-ok,CI-ok,CI-ok,CI-ok,The document mentions the design requirements but lacks clear linkage to prior research or data.,"The design requirements are listed but lack prioritization, clarity, and detail.",No high-priority design requirements are clearly identified.,The design requirements are not consistently objective and measurable.,The design requirements have little potential to lead to a tangible and viable problem solution.,There is no evidence that requirements represent the needs of any primary stakeholder groups.,0.833333333
Case007_000130.docx,docx,Placeholder text for scoring.,0,0,0,1,3,0,0,3,2,4,4,4,CI-ok,CI-ok,CI-ok,CI-ok,CI-ok,CI-ok,"There is no clear linkage between the design requirements and prior research. The document lacks evidence of prior research, data, testing, benchmarking, or cited information.","The design requirements are listed but lack clarity, detail, and prioritization. While some requirements are mentioned, they are not sufficiently detailed to guide design decisions, and prioritization is not clearly structured.","Only two high-priority design requirements are identified, but they are not clearly distinguished from other requirements. The importance of these requirements is not explicitly highlighted.",All design requirements are consistently objective and measurable. The document ensures that the parameters are clearly defined and quantifiable.,"The design requirements have the potential to lead to a tangible and viable problem solution. While there is room for improvement in clarity and specificity, the requirements show promise in addressing the problem effectively.","There is evidence that the design requirements represent the needs of primary stakeholders. The document mentions validation with the janitors, who are the primary stakeholders, and incorporates their feedback into the design solution.",2.833333333
Case008_000220.docx,docx,Placeholder text for scoring.,0,0,0,1,1,0,0,0,0,0,0,0,CI-ok,CI-ok,CI-ok,CI-ok,CI-ok,CI-ok,The design requirements mentioned are not clearly linked to prior research or data.,The design requirements are listed but lack detail and prioritization.,No high-priority design requirements are clearly identified.,The design requirements are not consistently objective and measurable.,The design requirements have little potential to lead to a tangible and viable problem solution.,There is no clear evidence that requirements represent the needs of primary stakeholder groups.,1.5
Case009_000420.docx,docx,Placeholder text for scoring.,0,0,0,4,2,0,0,1,1,1,1,0,CI-ok,CI-ok,CI-ok,CI-ok,CI-ok,CI-ok,The design requirements provided do not show a clear linkage to prior research or any form of validation.,"The design requirements are listed but lack prioritization, clarity, and detail.",None of the design requirements are identified as high priority.,The design requirements are not consistently objective and measurable.,The design requirements have little potential to lead to a tangible and viable problem solution.,There is no evidence that the requirements represent the needs of any primary stakeholder groups.,0.666666667
Case010_000441.docx,docx,Placeholder text for scoring.,0,0,0,4,4,1,3,3,4,3,4,0,CI-ok,CI-ok,CI-ok,CI-ok,CI-ok,CI-ok,"The design requirements are related to prior research, specifically mentioned in Design Requirement #2.","The design requirements are listed and prioritized, but some may be incomplete and lack specificity. Prioritization is attempted but not explicitly structured.",Three of the design requirements are identified as high priority.,"The design requirements are generally objective and measurable, but some could be more specific.",The design requirements have the potential to lead to a tangible and viable problem solution.,"There is evidence that requirements represent the needs of primary stakeholder groups, specifically mentioned in Design Requirement #5.",3.333333333
Case011_000530.docx,docx,Placeholder text for scoring.,0,0,0,5,3,0,0,0,0,0,0,0,CI-ok,CI-ok,CI-ok,CI-ok,CI-ok,CI-ok,Minimal evidence of design requirements related to prior research.,"Design requirements are listed but lack detail, prioritization, and clarity.",No high-priority design requirements identified.,Design requirements are not consistently objective and measurable.,Design requirements have little potential to lead to a tangible and viable problem solution.,No evidence of primary stakeholder validation.,0.833333333
Case012_003435.docx,docx,Placeholder text for scoring.,0,0,3,4,3,5,0,1,2,2,2,1,CI-ok,CI-ok,CI-ok,CI-ok,CI-ok,CI-ok,"The design requirements are somewhat related to prior research, mentioning the issue of setting toiletries on the ground in communal showers.","The design requirements are listed, prioritized, generally clear, and detailed, although some areas could benefit from more specificity.",All design requirements listed are identified as high priority.,"The design requirements are generally objective and measurable, with specific criteria like weight load and dimensions.","The design requirements have the potential to lead to a tangible and viable problem solution, addressing the issue of setting toiletries on the ground.","Evidence is provided that requirements represent the needs of and have been validated by primary stakeholder groups, including the director of the boys dormitory and three dorm residents.",4.166666667
Case013_010110.docx,docx,Placeholder text for scoring.,0,1,0,1,1,0,0,0,0,0,0,0,CI-ok,CI-ok,CI-ok,CI-ok,CI-ok,CI-ok,Minimal evidence of design requirements related to prior research. The document lacks clear linkage between design requirements and any prior research or data.,"Minimal evidence of a requirements list. The listed items are not prioritized, clear, or detailed. The document does not provide a comprehensive list of design requirements.",Minimal evidence of high-priority design requirements. The document does not clearly identify any design requirements as high priority.,Minimal evidence that design requirements are objective and measurable. The document lacks consistent objectivity and measurability in the listed requirements.,Minimal evidence that design requirements would lead to a tangible and viable problem solution. The document does not convincingly demonstrate how the listed requirements would lead to a solution.,Minimal evidence of primary stakeholder validation. The document does not provide clear evidence that requirements represent the needs of primary stakeholder groups.,1
Case014_010545.docx,docx,Placeholder text for scoring.,0,1,0,5,4,5,0,3,4,4,3,4,CI-ok,CI-ok,CI-ok,CI-ok,CI-ok,CI-ok,The design requirements are listed but there is minimal evidence of a clear linkage to prior research.,The design requirements are listed but lack detail and clear prioritization.,Only one high-priority requirement is identified.,The design requirements are not consistently objective and measurable.,The design requirements have some potential but lack clarity in leading to a tangible solution.,There is no evidence of primary stakeholder validation for the design requirements.,1.333333333
Case015_012120.docx,docx,Placeholder text for scoring.,0,1,2,1,2,0,0,1,1,1,2,0,CI-ok,CI-ok,CI-ok,CI-ok,CI-ok,CI-ok,The design requirements mentioned by the students lack clear linkage to prior research or data.,"The design requirements are listed but lack prioritization, clarity, and detail.",No high-priority design requirements are clearly identified.,The design requirements are not consistently objective and measurable.,The design requirements have little potential to lead to a tangible and viable problem solution.,There is no evidence that the requirements represent the needs of primary stakeholder groups.,0.666666667
Case016_025320.docx,docx,Placeholder text for scoring.,0,2,5,3,2,0,0,3,3,3,4,0,CI-ok,CI-ok,CI-ok,CI-ok,CI-ok,CI-ok,"The design requirements are related to prior research, although the linkage could be more explicit.","The design requirements are listed, generally clear, and somewhat detailed. Prioritization is attempted but not explicitly structured.",All five high-priority design requirements are clearly identified.,The design requirements are nearly always objective and measurable.,The design requirements are likely to lead to a tangible and viable problem solution.,There is moderate evidence that requirements represent the needs of primary stakeholder groups.,3.833333333
Case017_025330.docx,docx,Placeholder text for scoring.,0,2,5,3,3,0,0,2,2,2,3,0,CI-ok,CI-ok,CI-ok,CI-ok,CI-ok,CI-ok,The document mentions design priorities but lacks clear linkage to prior research or data.,Design requirements are listed but lack prioritization and specificity. Some requirements are incomplete.,"Three high-priority requirements are identified, but the distinction from lower priorities could be clearer.","Design requirements are generally objective and measurable, but some could be more specific.","Design requirements have potential to lead to a viable solution, but more clarity and specificity would strengthen this.",There is no evidence presented that requirements have been validated by primary stakeholder groups.,2.333333333
Case018_025331.docx,docx,Placeholder text for scoring.,0,2,5,3,3,1,0,3,3,3,4,0,CI-ok,CI-ok,CI-ok,CI-ok,CI-ok,CI-ok,The document lacks clear linkage between design requirements and prior research. The feedback provided is limited and does not demonstrate a strong connection to prior research.,"The design requirements are listed but lack clarity, detail, and prioritization. The explanations provided are vague and do not sufficiently guide design decisions.",All five high-priority design requirements are clearly identified in the document.,The design requirements are not consistently objective and measurable. Some requirements lack specificity and may not be easily quantifiable.,"The design requirements have potential to lead to a tangible and viable problem solution, but the document does not clearly demonstrate a strong likelihood of success.",There is no evidence presented in the document that the requirements represent the needs of primary stakeholder groups or have been validated by them.,2
Case019_025420.docx,docx,Placeholder text for scoring.,0,2,5,4,2,0,0,3,3,3,4,0,CI-ok,CI-ok,CI-ok,CI-ok,CI-ok,CI-ok,The document lacks clear linkage between design requirements and prior research. The feedback provided is minimal and does not demonstrate a strong connection to prior research.,"While design requirements are listed and prioritized, they lack detail and specificity. The prioritization is attempted but not clearly structured.",All five high-priority design requirements are clearly identified.,The design requirements are not consistently objective and measurable. Some requirements lack clear measurability.,"The design requirements have potential to lead to a tangible and viable problem solution, but the document does not provide strong evidence of a highly likely solution.","There is no evidence presented that requirements represent the needs of, and have been validated by, primary stakeholder groups.",2.166666667
Case020_025540.docx,docx,Placeholder text for scoring.,0,2,5,5,4,0,0,2,2,2,2,0,CI-ok,CI-ok,CI-ok,CI-ok,CI-ok,CI-ok,The design requirements are directly tied to prior research as each requirement is explained in relation to prior research.,"The design requirements are listed in ranked order with clear and detailed explanations. While prioritization is mentioned, it is not explicitly structured.",All design requirements are identified as high priority.,"The design requirements are mostly objective and measurable, though there could be some areas for improvement in clarity.",The design requirements have the potential to lead to a tangible and viable problem solution.,There is evidence that the design requirements represent the needs of primary stakeholders as each requirement is validated by primary stakeholder groups.,4.5
Case021_032535.docx,docx,Placeholder text for scoring.,0,3,2,5,3,5,2,2,2,2,3,3,CI-ok,CI-ok,CI-ok,CI-ok,CI-ok,CI-ok,There is no clear linkage between the design requirements and prior research. The document lacks evidence of research connection.,"Design requirements are listed but lack clarity, detail, and prioritization. Some requirements are incomplete and lack specificity.","Two high-priority design requirements are identified, but the distinction could be clearer.",All design requirements are consistently objective and measurable.,Design requirements have the potential to lead to a tangible and viable problem solution.,"There is evidence that design requirements represent the needs of primary stakeholders, the janitors. Feedback from the janitors was incorporated into the design solution.",3.166666667
Case022_033325.docx,docx,Placeholder text for scoring.,0,3,3,3,2,5,0,0,0,0,0,0,CI-ok,CI-ok,CI-ok,CI-ok,CI-ok,CI-ok,"The design requirements mentioned are not clearly linked to prior research or data. While there is some mention of the need to remove fruit flies due to health risks and irritation, the connection to prior research is weak.","The design requirements are listed but lack clear prioritization. While some details are provided about the design needs such as effectiveness, intuitiveness, and maintenance, the prioritization is not explicitly structured.","Only one high-priority requirement is identified, which is the need to remove at least 80% of the flies. The importance of other requirements is not clearly distinguished.","The design requirements are generally objective and measurable, such as effectiveness, ease of assembly, and maintenance. However, some requirements like odor control and temperature sensitivity lack clear measurability.","The design requirements have the potential to lead to a tangible solution, such as the need for effectiveness, ease of use, and budget constraints. However, some requirements like odor control and size limitations may need further development to ensure a viable solution.",There is no evidence provided that the design requirements have been validated by primary stakeholder groups. The document does not mention any stakeholder involvement or validation process.,2.333333333
Case023_035345.docx,docx,Placeholder text for scoring.,0,3,5,3,4,5,4,4,4,3,4,3,CI-ok,CI-ok,CI-ok,CI-ok,CI-ok,CI-ok,"The design requirements are related to prior research, although the linkage could be more explicit.","The design requirements are listed and prioritized, but some may lack specificity and detail.",All five high-priority design requirements are clearly identified.,"The design requirements are generally objective and measurable, but some could be more specific.",The design requirements have the potential to lead to a tangible and viable problem solution.,"There is evidence that requirements represent the needs of primary stakeholders, although validation could be more explicit.",3.833333333
Case024_045540.docx,docx,Placeholder text for scoring.,0,4,5,5,4,0,3,4,4,3,4,2,CI-ok,CI-ok,CI-ok,CI-ok,CI-ok,CI-ok,"Design requirements 2, 4, and 5 are clearly linked to prior research, providing a strong basis for the design.","Design requirements are listed and generally clear, but some lack specificity and detail. Prioritization is attempted but could be more structured.","Three high-priority design requirements are identified, but the distinction from other requirements could be clearer.","Design requirements are generally objective and measurable, providing a clear basis for evaluation and implementation.","Design requirements have the potential to lead to a tangible and viable problem solution, but some aspects may need further development.","There is evidence that requirements represent the needs of primary stakeholder groups, but the validation could be more explicit and comprehensive.",3.333333333
Case025_053520.docx,docx,Placeholder text for scoring.,0,5,3,5,2,0,2,3,3,3,4,2,CI-ok,CI-ok,CI-ok,CI-ok,CI-ok,CI-ok,"The design requirements are clearly related to prior research, as evidenced by the statements from primary stakeholder Mr. L and the students.","The design requirements are listed, prioritized, generally clear, and detailed. While prioritization is implied, it could be more explicitly structured.",All three design requirements listed are identified as high priority.,"The design requirements are nearly always objective and measurable, with specific criteria mentioned.","The design requirements have the potential to lead to a tangible and viable problem solution, especially considering the specific needs mentioned by the stakeholders.","There is evidence that the requirements represent the needs of primary stakeholder groups, particularly Mr. L and the students, but the validation process could be more explicitly documented.",4.333333333
Case026_054553.docx,docx,Placeholder text for scoring.,0,5,4,5,3,3,4,5,5,5,4,3,CI-ok,CI-ok,CI-ok,CI-ok,CI-ok,CI-ok,"The design requirements are clearly related to prior research, as evidenced by the connection to Mr. L's needs and feedback.","The design requirements are listed, generally clear, and detailed, but could benefit from clearer prioritization.",All design requirements listed are identified as high priority.,"The design requirements are nearly always objective and measurable, but could be more consistently so.",The design requirements have a potential to lead to a tangible and viable problem solution.,"There is evidence that requirements represent the needs of primary stakeholder groups, but could be further validated.",4.333333333
Case027_055450.docx,docx,Placeholder text for scoring.,0,5,5,4,5,0,0,2,2,2,3,0,CI-ok,CI-ok,CI-ok,CI-ok,CI-ok,CI-ok,The design requirements mentioned in the document lack clear linkage to prior research or data.,The design requirements are listed but lack prioritization and specificity. Some requirements are incomplete.,All five high-priority design requirements are clearly identified.,The design requirements are not consistently objective and measurable. Some are vague.,The design requirements have some potential to lead to a solution but lack clarity and specificity.,There is no evidence presented that the requirements have been validated by any primary stakeholder groups.,2
Case028_100010.docx,docx,Placeholder text for scoring.,1,0,0,0,1,0,0,0,0,0,0,0,CI-ok,CI-ok,CI-ok,CI-ok,CI-ok,CI-ok,The document lacks clear linkage between design requirements and prior research. It only vaguely mentions taking inspiration from existing filters.,"The design requirements are not listed, prioritized, clear, or detailed. The document provides a general description of what the water filter should do but does not articulate specific requirements.",No high-priority design requirements are identified in the document.,The design requirements are insufficiently measurable. They lack specificity and clarity in terms of how success will be measured.,The design requirements have little potential to lead to a tangible and viable problem solution. The document lacks specificity and detail in outlining how the requirements will address the problem.,"There is no evidence that requirements represent the needs of, and have been validated by, any primary stakeholder groups. The document does not mention stakeholder involvement or validation.",0.666666667
Case029_100120.docx,docx,Placeholder text for scoring.,1,0,0,1,2,0,0,0,0,0,1,0,CI-ok,CI-ok,CI-ok,CI-ok,CI-ok,CI-ok,Minimal evidence of design requirements related to prior research. The document lacks clear linkage between design requirements and prior research.,"Limited evidence of design requirements. Requirements are listed but lack prioritization, clarity, and detail.",No high-priority design requirements identified.,Design requirements are insufficiently measurable and lack consistency in being objective and measurable.,Design requirements have little potential to lead to a tangible and viable problem solution.,No evidence of primary stakeholder validation in the document.,0.833333333
Case030_110110.docx,docx,Placeholder text for scoring.,1,1,0,1,1,0,0,0,0,0,0,0,CI-ok,CI-ok,CI-ok,CI-ok,CI-ok,CI-ok,The document lacks clear linkage between design requirements and prior research. It only vaguely mentions taking inspiration from existing filters.,"The design requirements are not listed, prioritized, clear, or detailed. The document provides a general description of what the water filter should do without specific requirements.",No high-priority design requirements are identified in the document.,"The design requirements are insufficiently measurable. They lack specificity and objectivity, making it challenging to assess progress or success.",The design requirements have little potential to lead to a tangible and viable problem solution. The document lacks specificity and detail in outlining how the requirements will address the problem.,"There is no evidence that the requirements represent the needs of, or have been validated by, any primary stakeholder groups. The document does not mention any stakeholder involvement or validation.",0.666666667
Case031_110220.docx,docx,Placeholder text for scoring.,1,1,0,2,2,0,0,0,0,0,0,0,CI-ok,CI-ok,CI-ok,CI-ok,CI-ok,CI-ok,Minimal evidence of design requirements related to prior research.,"Design requirements are listed but lack detail, prioritization, and clarity.",No high-priority design requirements identified.,Design requirements are not consistently objective and measurable.,Design requirements have little potential to lead to a tangible and viable problem solution.,No evidence of primary stakeholder validation.,0.833333333
Case032_111120.docx,docx,Placeholder text for scoring.,1,1,1,1,2,0,0,0,0,0,0,0,CI-ok,CI-ok,CI-ok,CI-ok,CI-ok,CI-ok,The design requirements mentioned are not clearly linked to any prior research or data.,"The design requirements are listed but lack clarity, detail, and prioritization.",No high-priority design requirements are clearly identified.,The design requirements are not consistently objective and measurable.,The design requirements have little potential to lead to a tangible and viable problem solution.,There is no evidence that the requirements represent the needs of any primary stakeholder groups.,0.666666667
Case033_111231.docx,docx,Placeholder text for scoring.,1,1,1,2,3,1,1,1,2,2,2,0,CI-ok,CI-ok,CI-ok,CI-ok,CI-ok,CI-ok,The design requirements are loosely related to prior research but lack clear linkage or explicit reference.,"The design requirements are listed and prioritized, but some are incomplete and lack specificity. Prioritization is attempted but not explicitly structured.","Four high-priority design requirements are identified, but the distinction from other requirements could be clearer.","The design requirements are generally objective and measurable, but there are instances where clarity and specificity could be improved.","The design requirements have the potential to lead to a tangible and viable problem solution, but some aspects could be further developed for stronger impact.","There is moderate evidence that requirements represent the needs of primary stakeholder groups, but the validation could be more explicit and comprehensive.",3
Case034_113211.docx,docx,Placeholder text for scoring.,1,1,3,2,1,1,0,0,0,0,0,0,CI-ok,CI-ok,CI-ok,CI-ok,CI-ok,CI-ok,Minimal evidence of design requirements related to prior research. The document lacks clear linkage between the requirements and any prior research or data.,"Minimal evidence of a requirements list. The listed items are not prioritized, clear, or detailed. The document does not provide a comprehensive list of design requirements.",Minimal evidence of high-priority design requirements. The document does not clearly identify any requirements as high priority.,Minimal evidence that design requirements are objective and measurable. The document lacks consistent objectivity and measurability in the listed requirements.,Minimal evidence that design requirements would lead to a tangible and viable problem solution. The document does not convincingly demonstrate how the listed requirements would lead to a solution.,Minimal evidence of primary stakeholder validation. The document does not provide clear evidence that the requirements represent the needs of primary stakeholder groups.,1
Case035_123320.docx,docx,Placeholder text for scoring.,1,2,3,3,2,0,0,1,1,1,2,0,CI-ok,CI-ok,CI-ok,CI-ok,CI-ok,CI-ok,No evidence of design requirements related to prior research.,"Design requirements are not listed, prioritized, clear, or detailed.",No high-priority design requirements identified.,Design requirements are not objective or measurable.,Design requirements cannot lead to a tangible and viable problem solution.,No evidence of primary stakeholder validation.,0
Case036_124211.docx,docx,Placeholder text for scoring.,1,2,4,2,1,1,3,3,4,3,3,2,CI-ok,CI-ok,CI-ok,CI-ok,CI-ok,CI-ok,"The design requirements mentioned in the document are loosely related to prior research, but the linkage is not clear or explicit.","The design requirements are listed and some attempt at prioritization is made, but they lack specificity and detail. The prioritization is not clearly structured.","Four high-priority design requirements are identified, which is a strong aspect of the document.","The design requirements are generally objective and measurable, but there are instances where they could be more specific and measurable.","The design requirements have the potential to lead to a tangible and viable problem solution, but some aspects could be further developed for a stronger connection.",There is minimal evidence that the requirements represent the needs of primary stakeholder groups. The validation by stakeholders is not clearly demonstrated.,2.5
Case037_134330.docx,docx,Placeholder text for scoring.,1,2,4,3,3,0,0,1,1,1,2,0,CI-ok,CI-ok,CI-ok,CI-ok,CI-ok,CI-ok,The design requirements provided do not show a clear linkage to prior research or any form of evidence.,"The design requirements are listed but lack prioritization, clarity, and detail.",None of the design requirements are identified as high priority.,The design requirements are not consistently objective and measurable.,The design requirements have little potential to lead to a tangible and viable problem solution.,There is no evidence that the requirements represent the needs of any primary stakeholder groups.,0.666666667
Case038_142555.docx,docx,Placeholder text for scoring.,1,4,2,5,5,5,2,3,2,3,3,3,CI-ok,CI-ok,CI-ok,CI-ok,CI-ok,CI-ok,There is no clear linkage between the design requirements and prior research.,Design requirements are listed but lack specificity and some may be incomplete.,Only two high-priority design requirements are identified.,All requirements are consistently objective and measurable.,Design requirements have potential to lead to a tangible and viable problem solution.,There is evidence that design requirements represent the needs of primary stakeholders and have been validated by them.,3
Case039_155550.docx,docx,Placeholder text for scoring.,1,5,5,5,5,0,0,3,3,3,4,0,CI-ok,CI-ok,CI-ok,CI-ok,CI-ok,CI-ok,The design requirements are related to prior research as they address the specific problem of retrieving badminton birdies from rafters.,"The design requirements are listed, prioritized, generally clear, and detailed, guiding the design decisions effectively.","All design requirements are identified as high priority, ensuring focus on critical aspects of the tool.","The design requirements are nearly always objective and measurable, providing clear criteria for evaluation.","The design requirements are highly likely to lead to a tangible and viable problem solution, addressing the key needs effectively.","There is evidence that the requirements represent the needs of primary stakeholders, such as high school students and teachers, ensuring alignment with user expectations.",4.333333333
Case040_210443.docx,docx,Placeholder text for scoring.,2,1,0,4,4,3,2,3,4,3,3,5,CI-ok,CI-ok,CI-ok,CI-ok,CI-ok,CI-ok,"The design requirements are related to prior research, but the linkage is not explicitly clear.","The design requirements are listed, generally clear, and somewhat detailed, but prioritization could be more structured.","Three of the design requirements are identified as high priority, but the distinction could be clearer.","The design requirements are generally objective and measurable, but there are some areas where more specificity could be provided.","The design requirements have the potential to lead to a tangible and viable problem solution, but some areas could be further strengthened.","There is limited evidence that requirements represent the needs of primary stakeholder groups, and validation is not explicitly demonstrated.",3.166666667
Case041_222222.docx,docx,Placeholder text for scoring.,2,2,2,2,2,2,0,0,0,0,0,1,CI-ok,CI-ok,CI-ok,CI-ok,CI-ok,CI-ok,The design requirements mentioned are not clearly linked to prior research or data. Partial credit is awarded for mentioning some requirements.,"The design requirements are listed but lack clarity, detail, and prioritization. Some requirements are incomplete and lack specificity.",Only one high-priority requirement is vaguely identified. The importance of requirements is not clearly distinguished.,The design requirements are not consistently objective and measurable. Some requirements lack clarity in terms of measurability.,The design requirements have some potential to lead to a solution but lack specificity and clarity. The link between requirements and a tangible solution is weak.,There is no clear evidence that the requirements represent the needs of primary stakeholder groups. The stakeholders mentioned are not clearly validated in relation to the requirements.,1.666666667
Case042_223130.docx,docx,Placeholder text for scoring.,2,2,3,1,3,0,0,2,2,2,3,0,CI-ok,CI-ok,CI-ok,CI-ok,CI-ok,CI-ok,The document mentions design priorities but lacks clear linkage to prior research or data.,Design requirements are listed but lack detail and clear prioritization.,Four high-priority requirements are identified.,Design requirements are not consistently objective and measurable.,Design requirements have potential to lead to a viable solution.,There is no evidence presented that requirements have been validated by primary stakeholder groups.,2.333333333
Case043_224520.docx,docx,Placeholder text for scoring.,2,2,4,5,2,0,3,3,3,3,4,0,CI-ok,CI-ok,CI-ok,CI-ok,CI-ok,CI-ok,"The design requirements are related to prior research, with explicit connections made between observations and the need for specific design features.","The design requirements are listed, prioritized, generally clear, and detailed. While there is clear articulation of the requirements, some could benefit from more specificity.","All design requirements listed are identified as high priority, demonstrating a clear understanding of what is crucial for the design.","While some design requirements are objective and measurable, others lack specificity and may not be consistently measurable.","The design requirements have the potential to lead to a tangible and viable problem solution, but some may need further development to ensure a strong connection to the final solution.","There is evidence that requirements represent the needs of primary stakeholders, with validation sought for most design requirements. However, more explicit feedback and validation from stakeholders could strengthen the score.",3.666666667
Case044_225120.docx,docx,Placeholder text for scoring.,2,2,5,1,2,0,3,3,4,3,3,2,CI-ok,CI-ok,CI-ok,CI-ok,CI-ok,CI-ok,"The design requirements mentioned in the document are loosely related to prior research, but the linkage is not clear or explicit.","The design requirements are listed and some attempt at prioritization is made, but the details are lacking, and the prioritization is not structured.","Four high-priority design requirements are identified, which is clear in the document.","The design requirements are generally objective and measurable, but there are instances where they lack specificity.","The design requirements have the potential to lead to a tangible and viable problem solution, but there are areas where this potential is not fully realized.","There is minimal evidence that the requirements represent the needs of primary stakeholder groups, and validation by stakeholders is not clearly demonstrated.",2.5
Case045_234332.docx,docx,Placeholder text for scoring.,2,3,4,3,3,2,2,3,4,3,3,1,CI-ok,CI-ok,CI-ok,CI-ok,CI-ok,CI-ok,The design requirements mentioned in the document lack clear linkage to prior research or data.,"The design requirements are listed but lack prioritization, clarity, and detail. Some requirements are incomplete.",All high-priority design requirements are clearly identified.,The design requirements are not consistently objective and measurable. Some requirements lack specificity.,The design requirements have potential to lead to a tangible solution but may need further development.,There is no evidence presented that the requirements have been validated by primary stakeholder groups.,2.166666667
Case046_240530.docx,docx,Placeholder text for scoring.,2,4,0,5,3,0,1,1,2,2,2,1,CI-ok,CI-ok,CI-ok,CI-ok,CI-ok,CI-ok,"The design requirements mentioned are not clearly linked to prior research. While some aspects like repairability and recyclable materials are touched upon, the connection to prior research is weak and not explicitly stated.","The design requirements are listed but lack clear prioritization. While aspects like repairability, reliability, and recyclable materials are mentioned, they are not structured in a prioritized list. The details provided are somewhat limited and lack specificity.","Only one high-priority requirement is somewhat identified, which is the use of recyclable materials. However, the prioritization of this requirement is not clearly distinguished from others, and there is a lack of clear identification of multiple high-priority requirements.","The design requirements are generally objective and measurable, especially in terms of repairability, reliability, and recyclable materials. However, there are instances where the measurability could be improved, such as in defining the durability or simplicity of the design.","The design requirements have the potential to lead to a tangible and viable problem solution, particularly in terms of repairability, durability, and the use of recyclable materials. However, the clarity and specificity of these requirements could be enhanced to ensure a more direct path to a solution.","There is minimal evidence that the design requirements represent the needs of primary stakeholder groups. While the community partner's requirement for recyclable materials is mentioned, there is no clear validation or evidence of input from primary stakeholders beyond this single aspect.",2.333333333
Case047_241550.docx,docx,Placeholder text for scoring.,2,4,1,5,5,0,1,1,2,2,2,0,CI-ok,CI-ok,CI-ok,CI-ok,CI-ok,CI-ok,The design requirements are loosely related to prior research but lack clear linkage or explicit reference.,"The requirements are listed and prioritized, but some are incomplete and lack specificity. Prioritization is attempted but not fully structured.","Four high-priority design requirements are identified, but the distinction from other requirements could be clearer.","The design requirements are generally objective and measurable, but there are instances where clarity and specificity could be improved.","The design requirements have the potential to lead to a tangible and viable problem solution, but some aspects could be further developed for stronger impact.","There is moderate evidence that requirements represent the needs of primary stakeholder groups, but the validation could be more explicit and comprehensive.",3.166666667
Case048_244320.docx,docx,Placeholder text for scoring.,2,4,4,3,2,0,0,2,2,2,3,0,CI-ok,CI-ok,CI-ok,CI-ok,CI-ok,CI-ok,The document mentions design priorities but lacks clear linkage to prior research or data.,Design requirements are listed but lack prioritization and detailed clarity.,"Three high-priority requirements are identified, but the distinction from lower priorities is not clearly articulated.",Design requirements are not consistently objective and measurable.,"Design requirements have potential to lead to a viable solution, but the document lacks strong evidence.",There is minimal evidence that requirements represent the needs of primary stakeholders.,2.166666667
Case049_253555.docx,docx,Placeholder text for scoring.,2,5,3,5,5,5,2,3,3,3,4,3,CI-ok,CI-ok,CI-ok,CI-ok,CI-ok,CI-ok,The design requirements are related to prior research as they address the specific needs identified in the dormitory showers.,"The design requirements are listed, prioritized, generally clear, and detailed, guiding the design decisions effectively.","All design requirements listed are identified as high priority, ensuring focus on the most critical aspects of the solution.","The design requirements are nearly always objective and measurable, providing clear criteria for evaluation.","The design requirements have the potential to lead to a tangible and viable problem solution, addressing key needs effectively.","There is evidence that requirements represent the needs of primary stakeholder groups, such as dorm residents, dorm parents, maintenance staff, and parents of dorm residents.",4.166666667
Case050_255555.docx,docx,Placeholder text for scoring.,2,5,5,5,5,5,3,4,3,4,4,0,CI-ok,CI-ok,CI-ok,CI-ok,CI-ok,CI-ok,"The design requirements are clearly related to prior research, such as the need for logos not to fade and the size of the advertising panel, which directly ties to the purpose of the mic flag.","The design requirements are listed, prioritized, generally clear, and detailed. While there is clear prioritization and detail, some requirements could be more specific.","Three high-priority design requirements are identified. While high-priority requirements are mentioned, they could be more clearly distinguished from other requirements.","The design requirements are nearly always objective and measurable. Most requirements are objective and measurable, but some could be more specific.","The design requirements would be likely to lead to a tangible and viable problem solution. The requirements have the potential to lead to a solution, but some could be further developed.","60%-79% of primary stakeholder groups have validated the requirements. While there is evidence of stakeholder validation, more validation from primary stakeholders could strengthen the score.",4
Case051_300555.docx,docx,Placeholder text for scoring.,3,0,0,5,5,5,2,2,3,3,3,1,CI-ok,CI-ok,CI-ok,CI-ok,CI-ok,CI-ok,"The design requirements are related to prior research, as evidenced by the mention of research on the problem and possible solutions in Elements A and B.","The design requirements are listed, generally clear, and detailed. Prioritization is suggested but not explicitly structured.","Four of the design requirements listed are identified as high priority, as indicated by the importance given to mobility, timing, location, and ease of use based on the interview with the bear handlers.","The design requirements are nearly always objective and measurable, with clear criteria such as adjusting the feeder at a 180-degree angle horizontally and randomly shooting within designated food times.","The design requirements have the potential to lead to a tangible and viable problem solution, especially with the focus on automation, timing, and location of feeding the bears.","There is evidence that requirements represent the needs of primary stakeholder groups, particularly the bear handlers, as indicated by the importance given to mobility, timing, location, and ease of use in the design criteria.",4
Case052_310120.docx,docx,Placeholder text for scoring.,3,1,0,1,2,0,0,1,1,1,2,0,CI-ok,CI-ok,CI-ok,CI-ok,CI-ok,CI-ok,The design requirements mentioned by the students lack clear linkage to prior research or data.,The design requirements are listed but lack prioritization and detailed information.,None of the design requirements are identified as high priority.,The design requirements are insufficiently measurable and lack objectivity.,The design requirements have little potential to lead to a tangible and viable problem solution.,There is no evidence that the requirements represent the needs of primary stakeholder groups.,0.833333333
Case053_310545.docx,docx,Placeholder text for scoring.,3,1,0,5,4,5,1,1,2,2,2,1,CI-ok,CI-ok,CI-ok,CI-ok,CI-ok,CI-ok,"The design requirements mentioned are not clearly linked to prior research. While some aspects like repairability and recyclable materials are touched upon, the connection to prior research is weak and not explicitly stated.","The design requirements are listed but lack clear prioritization. While aspects like repairability, reliability, and recyclable materials are mentioned, the prioritization is not structured or explicit.","Only one high-priority requirement is somewhat identified, which is the use of recyclable materials. The other requirements are not clearly distinguished in terms of priority.","The design requirements are generally objective and measurable, especially in terms of repairability and recyclable materials. However, there are areas where the measurability could be improved.","The design requirements have potential to lead to a tangible and viable problem solution, especially in terms of repairability and recyclable materials. However, the clarity and specificity could be enhanced.",There is no evidence presented that the design requirements have been validated by any primary stakeholder groups. The document does not mention any stakeholder validation.,2.166666667
Case054_315321.docx,docx,Placeholder text for scoring.,3,1,5,3,2,1,4,5,5,3,4,4,CI-ok,CI-ok,CI-ok,CI-ok,CI-ok,CI-ok,"The design requirements are related to prior research, although the linkage could be more explicit.","The design requirements are listed and prioritized, but some may lack specificity and detail.",All five high-priority design requirements are clearly identified.,"The design requirements are generally objective and measurable, but some could be more specific.",The design requirements have the potential to lead to a tangible and viable problem solution.,"There is evidence that requirements represent the needs of primary stakeholders, although validation could be more explicit.",3.833333333
Case055_322343.docx,docx,Placeholder text for scoring.,3,2,2,3,4,3,2,2,2,2,3,3,CI-ok,CI-ok,CI-ok,CI-ok,CI-ok,CI-ok,"The design requirements are somewhat related to prior research, but the linkage could be clearer and more explicit.","The design requirements are listed, generally clear, and somewhat detailed, but prioritization could be more structured and specific.","Three of the design requirements are identified as high priority, but the distinction could be clearer.","The design requirements are generally objective and measurable, but there are some areas where more specificity could be provided.","The design requirements have the potential to lead to a tangible and viable problem solution, but some areas could be further developed for stronger impact.","There is evidence that requirements represent the needs of primary stakeholder groups, but the validation could be more comprehensive and explicit.",3.5
Case056_322432.docx,docx,Placeholder text for scoring.,2,3,2,4,3,2,2,2,2,2,3,3,CI-ok,CI-ok,CI-ok,CI-ok,CI-ok,CI-ok,The design requirements are mentioned but not clearly linked to prior research or data.,The design requirements are listed but lack clear prioritization and some are incomplete.,Only two design requirements are identified as high priority.,"The design requirements are generally objective and measurable, but some may lack specificity.","The design requirements have potential to lead to a tangible solution, but may need more clarity.","There is evidence that the requirements represent the needs of primary stakeholders, but not all aspects are fully validated.",2.833333333
Case057_324230.docx,docx,Placeholder text for scoring.,3,2,4,2,3,0,0,3,3,3,4,0,CI-ok,CI-ok,CI-ok,CI-ok,CI-ok,CI-ok,"The design requirements are related to prior research, although the linkage could be more explicit.","The design requirements are listed, generally clear, and detailed, but prioritization could be more structured.",All five high-priority design requirements are clearly identified.,The design requirements are nearly always objective and measurable.,The design requirements are likely to lead to a tangible and viable problem solution.,"There is evidence that requirements represent the needs of primary stakeholder groups, but could be more explicit in stakeholder validation.",4.166666667
Case058_325221.docx,docx,Placeholder text for scoring.,3,2,5,2,2,1,0,1,1,1,1,0,CI-ok,CI-ok,CI-ok,CI-ok,CI-ok,CI-ok,"The design requirements are related to prior research, mentioning the need for a filter and fan based on past examples for efficiency.","The design requirements are listed and prioritized, but lack specificity and detail. Prioritization is attempted but not explicitly structured.","Only two design requirements are identified as high priority, lacking clear distinction from other requirements.","The design requirements are generally objective and measurable, but may lack consistency in measurement.","The design requirements have potential to lead to a tangible and viable problem solution, but the link is not explicitly strong.",There is no evidence presented that requirements represent the needs of primary stakeholder groups.,2.5
Case059_333443.docx,docx,Placeholder text for scoring.,3,3,3,4,3,3,0,3,4,4,3,4,CI-ok,CI-ok,CI-ok,CI-ok,CI-ok,CI-ok,The design requirements are listed but there is minimal evidence of a clear linkage to prior research.,The design requirements are listed but lack prioritization and specificity.,Only one high-priority requirement is identified.,The design requirements are not consistently objective and measurable.,The design requirements have some potential but lack clarity in leading to a tangible solution.,There is no evidence of primary stakeholder validation.,1.333333333
Case060_334445.docx,docx,Placeholder text for scoring.,3,3,4,4,4,5,4,2,4,2,5,5,CI-ok,CI-ok,CI-ok,CI-ok,CI-ok,CI-ok,Minimal evidence provided linking design requirements to prior research. Only a vague mention of prior research.,Design requirements are listed but lack detail and clarity. Prioritization is attempted but not structured.,"Four out of six design requirements are identified as high priority, which is clearly distinguished.","Design requirements are generally objective and measurable, but some could be more specific.",Design requirements have the potential to lead to a tangible and viable problem solution.,"Evidence provided that 100% of primary stakeholder groups have validated the requirements, indicating strong stakeholder representation.",3.166666667
Case061_335330.docx,docx,Placeholder text for scoring.,3,3,5,3,3,0,0,3,3,3,4,0,CI-ok,CI-ok,CI-ok,CI-ok,CI-ok,CI-ok,The design requirements are related to prior research as they address the specific problem of retrieving badminton birdies from rafters.,"The design requirements are listed, prioritized, generally clear, and detailed, guiding the design decisions effectively.","All five high-priority design requirements are clearly identified, showing a strong focus on critical aspects of the solution.","The design requirements are nearly always objective and measurable, providing a clear basis for evaluation and implementation.","The design requirements are likely to lead to a tangible and viable problem solution, addressing key aspects of the problem effectively.","There is moderate evidence that the requirements represent the needs of primary stakeholders, but more explicit validation would strengthen the score.",4
Case062_355542.docx,docx,Placeholder text for scoring.,3,5,5,5,4,2,5,5,5,4,4,5,CI-ok,CI-ok,CI-ok,CI-ok,CI-ok,CI-ok,"The design requirements are related to prior research, although the linkage could be more explicit.","The design requirements are listed, generally clear, and detailed, but prioritization could be more structured.",All design requirements listed are identified as high priority.,The design requirements are nearly always objective and measurable.,The design requirements have potential to lead to a tangible and viable problem solution.,"There is evidence that requirements represent the needs of primary stakeholder groups, but could be more explicit and validated.",4.166666667
Case063_400224.docx,docx,Placeholder text for scoring.,4,0,0,2,2,4,0,0,0,0,1,0,CI-ok,CI-ok,CI-ok,CI-ok,CI-ok,CI-ok,Minimal evidence of design requirements related to prior research. The document mentions conducting background research on mirrors but lacks clear linkage between design requirements and prior research.,"Limited evidence of design requirements. Requirements are listed but lack prioritization, clarity, and detail. The design idea presented is not structured as a clear list of requirements.",No high-priority design requirements identified.,Insufficiently measurable design requirements. The document lacks consistent objectivity and measurability in the stated requirements.,Design requirements have little potential to lead to a tangible and viable problem solution. The proposed solution using mirrors lacks clarity and feasibility.,No evidence of primary stakeholder validation. The document does not mention any primary stakeholder groups or validation of requirements with stakeholders.,0.833333333
Case064_400330.docx,docx,Placeholder text for scoring.,4,0,0,3,3,0,0,3,3,3,4,0,CI-ok,CI-ok,CI-ok,CI-ok,CI-ok,CI-ok,"The design requirements are related to the stakeholders' needs and problems associated with student engagement during physical education activities. However, the explicit linkage to prior research or data is not clearly stated.","The design requirements are listed, generally clear, and detailed. Prioritization is suggested but not explicitly structured, hence partial credit is awarded.","Four high-priority design requirements are identified, but the distinction from other requirements could be clearer.","The design requirements are nearly always objective and measurable, but there could be some improvements in consistency.","The design requirements have the potential to lead to a tangible and viable problem solution, but there is room for further development to enhance likelihood.","There is evidence that the requirements represent the needs of primary stakeholders, but the validation by stakeholder groups is not explicitly mentioned.",4
Case065_400432.docx,docx,Placeholder text for scoring.,4,0,0,4,3,2,1,1,2,2,2,2,CI-ok,CI-ok,CI-ok,CI-ok,CI-ok,CI-ok,"The design requirements are related to prior research, as evidenced by the mention of researching fake window designs and understanding where other designs fell short.","The design requirements are listed and somewhat prioritized, but they lack clear structure and specificity. Prioritization is implied but not explicitly structured.","Three of the design requirements are identified as high priority, focusing on functionality, size, and cost.","The design requirements are generally objective and measurable, but there are some areas where more specificity could be added.","The design requirements have the potential to lead to a tangible and viable problem solution, especially in addressing the stakeholder's needs for an artificial window.","There is evidence that the requirements represent the needs of the primary stakeholder, Mr. Gleason, and have been validated through stakeholder interviews and understanding the classroom atmosphere.",3.5
Case066_414220.docx,docx,Placeholder text for scoring.,4,1,4,2,2,0,0,1,1,1,2,0,CI-ok,CI-ok,CI-ok,CI-ok,CI-ok,CI-ok,The design requirements are clearly tied to prior research as each requirement is explained in relation to prior research conducted.,"The design requirements are listed in ranked order with clear explanations for each requirement. While prioritization is mentioned, it could be more explicitly structured.","All design requirements are identified as high priority, with a total of five high-priority requirements listed.","The design requirements are mostly objective and measurable, with clear and detailed explanations for each requirement.","The design requirements have the potential to lead to a tangible and viable problem solution, as they are clear and detailed.","There is evidence that the design requirements represent the needs of primary stakeholders, as each requirement is validated by primary stakeholder groups.",4.5
Case067_420443.docx,docx,Placeholder text for scoring.,4,2,0,4,4,3,0,1,1,1,2,1,CI-ok,CI-ok,CI-ok,CI-ok,CI-ok,CI-ok,"The design requirements are related to prior research, but the linkage is weak and not clearly articulated.","The design requirements are listed and prioritized, but some are incomplete and lack specificity. Prioritization is attempted but not explicitly structured.","Three of the design requirements are identified as high priority, but the importance is not clearly distinguished from other requirements.","The design requirements are generally objective and measurable, but may lack consistency in measurability.","The design requirements have the potential to lead to a tangible and viable problem solution, but the likelihood is not clearly distinguished.","There is limited evidence that requirements represent the needs of primary stakeholder groups, and validation is not clearly demonstrated.",2.666666667
Case068_423332.docx,docx,Placeholder text for scoring.,4,2,3,3,3,2,0,2,2,2,2,0,CI-ok,CI-ok,CI-ok,CI-ok,CI-ok,CI-ok,The design requirements mentioned in the document are not clearly linked to prior research or data. The connection between the requirements and any prior research is weak.,"The design requirements are listed but lack prioritization and detailed information. While some requirements are mentioned, they are not clearly structured or detailed.","No high-priority design requirements are clearly identified in the document. The importance of each requirement is not distinguished, and there is no clear indication of high-priority items.","The design requirements are not consistently objective and measurable. While some requirements are mentioned, they lack clear measurability and objectivity in their description.","The design requirements have some potential to lead to a tangible and viable problem solution. While there is an attempt to address the problem, the requirements lack specificity and may not fully lead to a viable solution.",There is no evidence presented in the document that the requirements represent the needs of primary stakeholder groups. The validation by primary stakeholders is completely missing.,1.333333333
Case069_424320.docx,docx,Placeholder text for scoring.,4,2,4,3,2,0,4,2,4,2,5,5,CI-ok,CI-ok,CI-ok,CI-ok,CI-ok,CI-ok,The design requirements are listed but not related to prior research.,The design requirements are listed but lack specificity and prioritization is not clear.,4 out of 6 design requirements are identified as high priority.,Design requirements are generally objective and measurable.,Design requirements have potential to lead to a tangible and viable problem solution.,There is evidence that requirements represent the needs of and have been validated by 100% of primary stakeholder groups.,3.166666667
Case070_424320.docx,docx,Placeholder text for scoring.,4,2,4,3,2,0,0,2,2,2,2,0,CI-ok,CI-ok,CI-ok,CI-ok,CI-ok,CI-ok,The design requirements are mentioned but not clearly linked to prior research.,The design requirements are listed but lack detail and clear prioritization.,Three high-priority requirements are identified.,The design requirements are not consistently objective and measurable.,The design requirements have potential to lead to a viable solution.,There is no evidence of primary stakeholder validation.,2
Case071_430553.docx,docx,Placeholder text for scoring.,4,3,0,5,5,3,0,3,3,3,4,0,CI-ok,CI-ok,CI-ok,CI-ok,CI-ok,CI-ok,"The design requirements are related to the stakeholders' needs and problems associated with student engagement during physical education activities, but the explicit linkage to prior research or data is not clearly stated.","The design requirements are listed, generally clear, and detailed, but the prioritization could be more structured.","Four of the design requirements are identified as high priority, reflecting the stakeholders' needs.","The design requirements are nearly always objective and measurable, providing clear guidance for the design decisions.","The design requirements have the potential to lead to a tangible and viable problem solution, addressing safety, usability, and engagement aspects.","There is some evidence that the requirements represent the needs of primary stakeholders, but the validation by stakeholder groups is not explicitly mentioned.",3.833333333
Case072_433333.docx,docx,Placeholder text for scoring.,4,3,3,3,3,3,0,2,2,2,2,0,CI-ok,CI-ok,CI-ok,CI-ok,CI-ok,CI-ok,The design requirements are mentioned but not clearly linked to prior research.,The requirements are listed but lack detail and prioritization.,Three high-priority requirements are identified.,The design requirements are not consistently objective and measurable.,The design requirements have potential to lead to a viable solution.,There is no evidence of primary stakeholder validation.,2
Case073_440443.docx,docx,Placeholder text for scoring.,4,4,0,4,4,3,1,2,0,2,2,1,CI-ok,CI-ok,CI-ok,CI-ok,CI-ok,CI-ok,"The design requirements are somewhat related to prior research, mentioning the need for supports in hydroponic systems.","The design requirements are listed and generally clear and detailed, providing a clear overview of the components needed.",Four high-priority design requirements are identified within the listed components.,"The design requirements are generally objective and measurable, focusing on specific components and functionalities.","The design requirements have the potential to lead to a tangible and viable problem solution, addressing key components like support structures and water flow.","There is evidence that the requirements represent the needs of primary stakeholders, such as consulting with stakeholders for effective design solutions.",3.833333333
Case074_444340.docx,docx,Placeholder text for scoring.,4,4,4,3,4,0,3,3,4,3,4,0,CI-ok,CI-ok,CI-ok,CI-ok,CI-ok,CI-ok,"The design requirements are related to prior research, with clear explanations linking each requirement to observations and findings.","The design requirements are listed, prioritized, generally clear, and detailed. While most requirements are well articulated, Requirement #4 lacks a clear connection to prior research and is not as detailed.",All design requirements are identified as high priority.,"Most design requirements are objective and measurable, but Requirement #4 lacks a clear basis in research and is not as measurable.","The design requirements have the potential to lead to a tangible and viable problem solution, but Requirement #4 lacks a strong foundation in research and may not directly contribute to a viable solution.","There is evidence that requirements represent the needs of primary stakeholders, with validation provided for most requirements. However, Requirement #4 lacks stakeholder validation and may benefit from further input.",3.833333333
Case075_444455.docx,docx,Placeholder text for scoring.,4,4,4,4,5,5,0,3,3,3,3,0,CI-ok,CI-ok,CI-ok,CI-ok,CI-ok,CI-ok,"The design requirements are related to prior research, specifically mentioning the importance of color-changing capability and its effects on calming down kids.","The design requirements are listed, generally clear, and detailed, prioritizing aspects like color-changing capability, calming effects, illuminating the sensory room, and brightness alteration.","Four of the design requirements listed are identified as high priority, focusing on aspects crucial for the sensory room's effectiveness.","The design requirements are nearly always objective and measurable, with clear indicators like color-changing capability, calming effects, and brightness alteration.","The design requirements have the potential to lead to a tangible and viable problem solution, addressing key aspects related to sensory room effectiveness.","There is evidence that requirements represent the needs of primary stakeholders, particularly kids and teachers, with clear validation provided for aspects like color-changing capability and calming effects.",4
Case076_453555.docx,docx,Placeholder text for scoring.,4,5,3,5,5,5,0,2,2,2,2,0,CI-ok,CI-ok,CI-ok,CI-ok,CI-ok,CI-ok,The design requirements mentioned in the document are not clearly linked to prior research or data. The connection between the requirements and any prior research is weak and not explicitly stated.,"While design requirements are listed, they lack prioritization and are not detailed enough to guide design decisions effectively. The requirements are mentioned but are incomplete and lack specificity.","Only one high-priority design requirement is identified, and it is not clearly distinguished from the other requirements. The importance of the requirements is not clearly highlighted.","The design requirements are generally objective and measurable, but there are instances where the measurability could be improved. The document shows moderate evidence of objective and measurable requirements.","The design requirements have the potential to lead to a tangible and viable problem solution, but there are areas where the clarity and specificity could be enhanced. The requirements show moderate potential to lead to a solution.",There is no evidence presented in the document that the requirements have been validated by any primary stakeholder groups. The document lacks any validation from primary stakeholders.,1.666666667
Case077_500100.docx,docx,Placeholder text for scoring.,5,0,0,1,0,0,0,0,0,0,0,0,CI-ok,CI-ok,CI-ok,CI-ok,CI-ok,CI-ok,The design requirements mentioned are not clearly linked to any prior research or data.,"The design requirements are listed but lack prioritization, clarity, and detail.",No high-priority design requirements are clearly identified.,The design requirements are not consistently objective and measurable.,The design requirements have little potential to lead to a tangible and viable problem solution.,There is no evidence that the requirements represent the needs of any primary stakeholder groups.,0.666666667
Case078_500430.docx,docx,Placeholder text for scoring.,5,0,0,4,3,0,0,1,1,1,2,0,CI-ok,CI-ok,CI-ok,CI-ok,CI-ok,CI-ok,No evidence of design requirements related to prior research.,"Design requirements are not listed, prioritized, clear, or detailed.",No high-priority design requirements identified.,Design requirements are not objective or measurable.,Design requirements cannot lead to a tangible and viable problem solution.,No evidence of primary stakeholder validation.,0
Case079_500532.docx,docx,Placeholder text for scoring.,5,0,0,5,3,2,3,4,5,4,4,5,CI-ok,CI-ok,CI-ok,CI-ok,CI-ok,CI-ok,"The design requirements are related to prior research, such as educational links and in-depth analysis, but the direct linkage could be more explicit.","The design requirements are listed, prioritized, generally clear, and detailed, but some prioritization could be more structured.","Four of the design requirements listed are identified as high priority, but the distinction could be clearer.","The design requirements are nearly always objective and measurable, but there could be more consistency.","The design requirements have the potential to lead to a tangible and viable problem solution, but some areas could be further developed.","There is evidence that requirements represent the needs of primary stakeholder groups, such as Clint Rickert, but validation could be more comprehensive.",4
Case080_510320.docx,docx,Placeholder text for scoring.,5,1,0,3,2,0,0,0,0,0,1,0,CI-ok,CI-ok,CI-ok,CI-ok,CI-ok,CI-ok,"Minimal evidence of design requirements related to prior research. The document lacks clear linkage between the design requirements and any prior research, data, or testing.","Minimal evidence of a requirements list. The design requirements mentioned are not listed, prioritized, clear, or detailed. The document lacks sufficient detail to guide design decisions.",No high-priority design requirements are identified. The document does not clearly distinguish any requirements as high priority.,Design requirements are insufficiently measurable. The document lacks consistent objectivity and measurability in the stated requirements.,Design requirements have little potential to lead to a tangible and viable problem solution. The document does not provide strong evidence that the requirements would lead to a feasible solution.,No evidence of primary stakeholder validation. The document does not demonstrate that the requirements represent the needs of any primary stakeholder groups.,0.666666667
Case081_510333.docx,docx,Placeholder text for scoring.,5,1,0,3,3,3,2,3,4,3,3,5,CI-ok,CI-ok,CI-ok,CI-ok,CI-ok,CI-ok,"The design requirements are somewhat related to prior research, but the linkage could be clearer and more explicit.","The design requirements are listed, generally clear, and somewhat detailed, but prioritization could be more structured.","Three of the design requirements are identified as high priority, but the distinction could be clearer.","The design requirements are generally objective and measurable, but there are some areas where more specificity could be provided.","The design requirements have the potential to lead to a tangible and viable problem solution, but some areas could be further strengthened.",There is limited evidence that requirements represent the needs of primary stakeholder groups; more validation is needed.,3.166666667
Case082_510532.docx,docx,Placeholder text for scoring.,5,1,0,5,3,2,2,3,4,4,3,2,CI-ok,CI-ok,CI-ok,CI-ok,CI-ok,CI-ok,The design requirements are related to prior research as mentioned in the document.,"The design requirements are listed and prioritized, but some may be incomplete and lack specificity.",Three of the design requirements listed are identified as high priority.,The design requirements are generally objective and measurable.,The design requirements have the potential to lead to a tangible and viable problem solution.,"There is evidence that requirements represent the needs of primary stakeholder groups, as mentioned in the document.",3.5
Case083_510550.docx,docx,Placeholder text for scoring.,5,1,0,5,5,0,0,0,0,0,0,0,CI-ok,CI-ok,CI-ok,CI-ok,CI-ok,CI-ok,"Minimal evidence of design requirements related to prior research. The document lacks clear linkage between design requirements and any prior research, data, or testing.","Minimal evidence of design requirements listed. The requirements mentioned are not prioritized, clear, or detailed. Prioritization is not evident.",No high-priority design requirements identified. The document does not clearly distinguish any requirements as high priority.,Design requirements are insufficiently measurable. They lack consistency in being objective and measurable.,Design requirements have little potential to lead to a tangible and viable problem solution. The document does not strongly indicate how the requirements would lead to a solution.,No evidence of primary stakeholder validation. The document does not show any validation of requirements by primary stakeholder groups.,0.666666667
Case084_510552.docx,docx,Placeholder text for scoring.,5,1,0,5,5,2,2,2,2,2,2,2,CI-ok,CI-ok,CI-ok,CI-ok,CI-ok,CI-ok,"The design requirements are related to prior research, but the linkage is weak and not clearly articulated.","The design requirements are listed and prioritized, but some are incomplete and lack specificity.",Only two high-priority design requirements are identified.,The design requirements are only sometimes objective and measurable.,"The design requirements have some potential to lead to a tangible solution, but not highly likely.",There is no clear evidence that requirements represent the needs of primary stakeholder groups.,3.833333333
Case085_511550.docx,docx,Placeholder text for scoring.,5,1,1,5,5,0,0,4,4,5,5,0,CI-ok,CI-ok,CI-ok,CI-ok,CI-ok,CI-ok,"The design requirements are related to prior research, but the linkage could be more explicit.","The design requirements are listed, prioritized, generally clear, and detailed, but prioritization could be more structured.","Four of the design requirements listed are identified as high priority, but the distinction could be clearer.",The design requirements are nearly always objective and measurable.,The design requirements would be likely to lead to a tangible and viable problem solution.,"There is evidence that requirements represent the needs of, and have been validated by, many primary stakeholder groups, but not all.",4
Case086_513344.docx,docx,Placeholder text for scoring.,5,1,3,3,4,4,0,1,2,2,2,1,CI-ok,CI-ok,CI-ok,CI-ok,CI-ok,CI-ok,"The design requirements are related to prior research, but the linkage is weak and not clearly articulated.","The design requirements are listed and prioritized, but some are incomplete and lack specificity.",Only two high-priority design requirements are identified.,The design requirements are only sometimes objective and measurable.,"The design requirements have some potential to lead to a tangible solution, but not highly likely.",There is no clear evidence that requirements represent the needs of primary stakeholder groups.,1.833333333
Case087_515555.docx,docx,Placeholder text for scoring.,5,1,5,5,5,5,4,3,4,3,4,3,CI-ok,CI-ok,CI-ok,CI-ok,CI-ok,CI-ok,"The design requirements are related to prior research, specifically mentioning safety as a priority based on prior research.","The design requirements are listed, generally clear, and detailed. Prioritization is implied but not explicitly structured.","Three high-priority design requirements are identified, but the distinction from other requirements could be clearer.","The design requirements are nearly always objective and measurable, with some room for improvement in consistency.","The design requirements have the potential to lead to a tangible and viable problem solution, with some areas for further development.","There is evidence that requirements represent the needs of primary stakeholder groups, but the extent of validation could be more explicit.",3.833333333
Case088_523222.docx,docx,Placeholder text for scoring.,5,2,3,2,2,2,4,5,5,4,4,3,CI-ok,CI-ok,CI-ok,CI-ok,CI-ok,CI-ok,"The design requirements are related to prior research, as mentioned in the document.","The requirements are listed, prioritized, generally clear, and detailed.",All design requirements listed are identified as high priority.,The design requirements are nearly always objective and measurable.,The design requirements would be likely to lead to a tangible and viable problem solution.,"There is evidence that requirements represent the needs of, and have been validated by, primary stakeholder groups.",4.333333333
Case089_524220.docx,docx,Placeholder text for scoring.,5,2,4,2,2,0,3,3,4,3,4,0,CI-ok,CI-ok,CI-ok,CI-ok,CI-ok,CI-ok,"The design requirements are clearly linked to prior research, such as the use of materials based on research findings.","The design requirements are listed, generally clear, and detailed, but prioritization could be more explicit.",Four high-priority design requirements are clearly identified within the document.,"The design requirements are nearly always objective and measurable, supported by references to prior research.","The design requirements have the potential to lead to a tangible and viable problem solution, as evidenced by the detailed descriptions.","There is evidence that the requirements represent the needs of primary stakeholder groups, although explicit validation percentages are not provided.",4.166666667
Case090_525343.docx,docx,Placeholder text for scoring.,5,2,5,3,4,4,4,3,4,3,4,3,CI-ok,CI-ok,CI-ok,CI-ok,CI-ok,CI-ok,"The design requirements are related to prior research, specifically mentioning safety as a priority based on prior research.","The design requirements are listed, generally clear, and detailed, with some prioritization mentioned.",Three high-priority design requirements are identified.,The design requirements are nearly always objective and measurable.,The design requirements have the potential to lead to a tangible and viable problem solution.,"There is evidence that requirements represent the needs of primary stakeholder groups, but not explicitly validated by a high percentage of stakeholders.",3.666666667
Case091_530341.docx,docx,Placeholder text for scoring.,5,3,0,3,4,1,1,1,2,2,2,2,CI-ok,CI-ok,CI-ok,CI-ok,CI-ok,CI-ok,"The design requirements are related to prior research, as evidenced by the mention of researching fake window designs and understanding where other designs fell short for their usage.","The design requirements are listed, generally clear, and detailed. Prioritization is implied by establishing main requirements first before other details.","Four of the design requirements listed are identified as high priority, focusing on functionality, size, cost, and stakeholder needs.","The design requirements are nearly always objective and measurable, focusing on specific attributes like size, cost, durability, stability, and material resourcefulness.","The design requirements have the potential to lead to a tangible and viable problem solution, addressing key aspects like functionality, aesthetics, durability, stability, and stakeholder needs.","There is evidence that requirements represent the needs of primary stakeholder groups, specifically Mr. Gleason, and have been validated through his expressed necessity for an artificial window depicting nature to motivate his students.",4
Case092_534240.docx,docx,Placeholder text for scoring.,5,3,4,2,4,0,4,2,4,2,5,5,CI-ok,CI-ok,CI-ok,CI-ok,CI-ok,CI-ok,The design requirements are listed but not related to prior research.,The design requirements are listed but lack specificity and prioritization.,4 out of 6 design requirements are identified as high priority.,The design requirements are generally objective and measurable.,The design requirements have potential to lead to a tangible and viable problem solution.,There is evidence that requirements represent the needs of and have been validated by 100% of primary stakeholder groups.,3.166666667
Case093_543340.docx,docx,Placeholder text for scoring.,5,4,3,3,4,0,0,0,0,0,0,0,CI-ok,CI-ok,CI-ok,CI-ok,CI-ok,CI-ok,"The design requirements mentioned are not clearly linked to prior research or data. While there is some mention of the need to remove fruit flies due to health risks and irritation, there is no explicit connection to any prior research or testing.","The design requirements are listed and some attempt at prioritization is made. However, the details provided are somewhat lacking and the prioritization is not clearly structured.","Only one high-priority requirement is identified, which is removing at least 80% of the flies. The importance of other requirements is not clearly distinguished.","The design requirements are generally objective and measurable, but there are some instances where specificity could be improved.","The design requirements have the potential to lead to a tangible and viable problem solution, but there are areas where further development and clarity are needed.",There is no evidence provided that the requirements have been validated by any primary stakeholder groups. The document does not mention any stakeholder involvement or validation.,2.333333333
Case094_545332.docx,docx,Placeholder text for scoring.,5,4,5,3,3,2,5,5,5,4,4,5,CI-ok,CI-ok,CI-ok,CI-ok,CI-ok,CI-ok,"The design requirements are clearly linked to prior research, specifically referencing Mr. L's testimony and an article by Vanguard Cleaning Systems.","The design requirements are listed, prioritized, generally clear, and detailed, but could benefit from more explicit structuring.",All design requirements listed are identified as high priority.,"The design requirements are nearly always objective and measurable, but could improve in consistency.","The design requirements have a potential to lead to a tangible and viable problem solution, supported by stakeholder feedback and research.","There is evidence that requirements represent the needs of primary stakeholder groups, but could be further validated to strengthen the score.",4.333333333
Case095_545551.docx,docx,Placeholder text for scoring.,5,4,5,5,5,1,0,0,0,0,0,0,CI-ok,CI-ok,CI-ok,CI-ok,CI-ok,CI-ok,No evidence of design requirements related to prior research.,"Design requirements are not listed, prioritized, clear, or detailed.",No high-priority design requirements identified.,Design requirements are not objective or measurable.,Design requirements cannot lead to a tangible and viable problem solution.,No evidence that requirements represent the needs of primary stakeholder groups.,0
Case096_545552.docx,docx,Placeholder text for scoring.,5,4,5,5,5,2,0,1,1,1,1,0,CI-ok,CI-ok,CI-ok,CI-ok,CI-ok,CI-ok,"The design requirements are related to prior research, mentioning the need for a filter and fan based on past examples.","The design requirements are listed and prioritized, but lack specificity and detail. Prioritization is attempted but not explicitly structured.",Only two high-priority design requirements are identified.,"The design requirements are generally objective and measurable, but may lack consistency.","The design requirements have potential to lead to a tangible and viable problem solution, but more specificity is needed.",There is no evidence presented that requirements represent the needs of primary stakeholder groups.,2.5
Case097_550440.docx,docx,Placeholder text for scoring.,5,5,0,4,4,0,2,2,3,3,3,1,CI-ok,CI-ok,CI-ok,CI-ok,CI-ok,CI-ok,"The design requirements are related to prior research, as evidenced by the mention of interview with the Nashville Zoo and research on the problem and possible solutions.","The design requirements are listed, generally clear, and detailed. Prioritization is implied but not explicitly structured.","Four of the design requirements listed are identified as high priority, as indicated by the importance placed on mobility, timing, location, and ease of use.","The design requirements are nearly always objective and measurable, with clear criteria such as budget constraints, prototype due date, and durability expectations.","The design requirements have the potential to lead to a tangible and viable problem solution, especially with the emphasis on automation, timing, and adaptability to bear schedule changes.","There is evidence that requirements represent the needs of primary stakeholder groups, particularly the bear handlers at the Nashville Zoo, as indicated by the interview insights and focus on key criteria for them.",4
Case098_551553.docx,docx,Placeholder text for scoring.,5,5,1,5,5,3,2,4,4,5,4,2,CI-ok,CI-ok,CI-ok,CI-ok,CI-ok,CI-ok,The design requirements are related to prior research as mentioned in the document.,"The design requirements are listed and prioritized, but some may be incomplete and lack specificity.",Three of the design requirements listed are identified as high priority.,The design requirements are generally objective and measurable.,The design requirements have the potential to lead to a tangible and viable problem solution.,"There is evidence that requirements represent the needs of some primary stakeholder groups, but not all.",3.166666667
Case099_553545.docx,docx,Placeholder text for scoring.,5,5,3,5,4,5,5,4,5,4,4,3,CI-ok,CI-ok,CI-ok,CI-ok,CI-ok,CI-ok,"The design requirements are clearly linked to prior research, with specific examples provided.","The design requirements are listed, generally clear, and detailed, but prioritization could be more explicit.",All design requirements listed are identified as high priority.,The design requirements are nearly always objective and measurable.,The design requirements have a potential to lead to a tangible and viable problem solution.,"There is evidence that requirements represent the needs of, and have been validated by, primary stakeholder groups to a good extent.",4.333333333
Case100_553553.docx,docx,Placeholder text for scoring.,5,5,3,5,5,3,2,3,3,3,4,3,CI-ok,CI-ok,CI-ok,CI-ok,CI-ok,CI-ok,The design requirements are related to prior research as they address the specific needs identified in the dormitory showers.,"The design requirements are listed, prioritized, generally clear, and detailed, guiding the design decisions effectively.","All design requirements are identified as high priority, ensuring focus on the most critical aspects of the solution.","The design requirements are nearly always objective and measurable, providing clear criteria for evaluation.","The design requirements have the potential to lead to a tangible and viable problem solution, addressing key needs effectively.","There is evidence that the requirements represent the needs of primary stakeholder groups, such as dorm residents, dorm parents, maintenance staff, and parents of dorm residents.",4.166666667
Case101_553555.docx,docx,Placeholder text for scoring.,5,5,3,5,5,5,5,4,5,4,4,3,CI-ok,CI-ok,CI-ok,CI-ok,CI-ok,CI-ok,The design requirements are clearly linked to prior research through identified problems and solutions.,"The design requirements are listed, generally clear, and detailed, but could benefit from clearer prioritization.",All design requirements listed are identified as high priority.,"The design requirements are nearly always objective and measurable, with some room for improvement.",The design requirements have the potential to lead to a tangible and viable problem solution.,"There is evidence that requirements represent the needs of primary stakeholder groups, but could be further validated.",4.333333333
Case102_554550.docx,docx,Placeholder text for scoring.,5,5,4,5,5,0,3,4,4,3,4,0,CI-ok,CI-ok,CI-ok,CI-ok,CI-ok,CI-ok,"The design requirements are clearly linked to prior research, such as the use of materials based on research findings.","The design requirements are listed, generally clear, and detailed, but prioritization could be more explicitly structured.","Four high-priority design requirements are identified, but the distinction could be clearer.","The design requirements are nearly always objective and measurable, supported by references to prior research.","The design requirements have the potential to lead to a tangible and viable problem solution, as evidenced by the detailed descriptions.","There is evidence that the requirements represent the needs of primary stakeholder groups, although explicit validation could be strengthened.",4.166666667
Case103_554555.docx,docx,Placeholder text for scoring.,5,5,4,5,5,5,2,2,3,3,3,0,CI-ok,CI-ok,CI-ok,CI-ok,CI-ok,CI-ok,The design requirements are related to prior research as mentioned in the document.,"The design requirements are listed, generally clear, and detailed. Prioritization is suggested but not explicitly structured.",Four of the design requirements listed are identified as high priority.,The design requirements are nearly always objective and measurable.,The design requirements would be likely to lead to a tangible and viable problem solution.,"There is evidence that requirements represent the needs of, and have been validated by, 60%-79% of primary stakeholder groups.",4
Case104_555454.docx,docx,Placeholder text for scoring.,5,5,5,4,5,4,0,0,0,1,1,0,CI-ok,CI-ok,CI-ok,CI-ok,CI-ok,CI-ok,The design requirements are mentioned but not clearly linked to prior research. Limited evidence.,"The design requirements are listed and prioritized, but some may be incomplete and lack specificity. Partial credit.",Only two design requirements are identified as high priority. Limited credit.,The design requirements may be only sometimes objective and measurable. Partial credit.,The design requirements have some potential to lead to a tangible and viable problem solution. Partial credit.,There is no clear evidence that requirements represent the needs of primary stakeholder groups. Limited credit.,2
Case105_555454.docx,docx,Placeholder text for scoring.,5,5,5,4,5,4,0,1,1,1,1,0,CI-ok,CI-ok,CI-ok,CI-ok,CI-ok,CI-ok,The design requirements are mentioned but not clearly linked to prior research.,"The requirements are listed and prioritized, but lack specificity and detail.",Only one high-priority requirement is identified.,The design requirements are not consistently objective and measurable.,The design requirements have some potential but lack clarity in leading to a tangible solution.,There is limited evidence of primary stakeholder validation.,1.833333333
Case106_555455.docx,docx,Placeholder text for scoring.,5,5,5,4,5,5,0,3,0,3,4,2,CI-ok,CI-ok,CI-ok,CI-ok,CI-ok,CI-ok,The document mentions prior research but does not clearly link design requirements to it.,"Design requirements are listed and prioritized, but they lack detail and specificity.",No high-priority design requirements are clearly identified.,Design requirements are consistently objective and measurable.,"Design requirements have potential to lead to a tangible solution, but not highly likely.","There is evidence that requirements represent the needs of primary stakeholder groups, but not all stakeholders are clearly validated.",2.666666667
Case107_555524.docx,docx,Placeholder text for scoring.,5,5,5,5,2,4,0,0,0,0,0,0,CI-ok,CI-ok,CI-ok,CI-ok,CI-ok,CI-ok,No evidence of clear linkage between design requirements and prior research.,"Design requirements are not listed, prioritized, clear, or detailed.",No high-priority design requirements identified.,Design requirements are not objective or measurable.,Design requirements cannot lead to a tangible and viable problem solution.,No evidence that requirements represent the needs of primary stakeholder groups.,0
Case108_555530.docx,docx,Placeholder text for scoring.,5,5,5,5,3,0,2,3,4,3,4,0,CI-ok,CI-ok,CI-ok,CI-ok,CI-ok,CI-ok,The design requirements are mentioned but not clearly linked to prior research.,"The design requirements are listed and prioritized, but some may be incomplete and lack specificity.",All design requirements listed are identified as high priority.,The design requirements are generally objective and measurable.,The design requirements have the potential to lead to a tangible and viable problem solution.,There is no evidence that requirements represent the needs of primary stakeholder groups.,2.833333333
Case109_555545.docx,docx,Placeholder text for scoring.,5,5,5,5,4,5,0,0,0,0,0,0,CI-ok,CI-ok,CI-ok,CI-ok,CI-ok,CI-ok,No evidence of clear linkage between design requirements and prior research.,"Design requirements are not listed, prioritized, clear, or detailed.",No high-priority design requirements identified.,Design requirements are not objective or measurable.,Design requirements cannot lead to a tangible and viable problem solution.,No evidence that requirements represent the needs of primary stakeholder groups.,0
Case110_555553.docx,docx,Placeholder text for scoring.,5,5,5,5,5,3,5,5,5,4,4,5,CI-ok,CI-ok,CI-ok,CI-ok,CI-ok,CI-ok,"The design requirements are clearly linked to prior research, specifically referencing Mr. L's testimony and an article by Vanguard Cleaning Systems.","The design requirements are listed, prioritized, generally clear, and detailed, but could benefit from more explicit structuring.",All design requirements listed are identified as high priority.,"The design requirements are nearly always objective and measurable, but could improve in consistency.","The design requirements have a potential to lead to a tangible and viable problem solution, supported by stakeholder feedback and research.","There is evidence that requirements represent the needs of primary stakeholder groups, but could be further validated to strengthen the score.",4.333333333
Case111_555555.docx,docx,Placeholder text for scoring.,5,5,5,5,5,5,2,4,5,4,4,5,CI-ok,CI-ok,CI-ok,CI-ok,CI-ok,CI-ok,"The design requirements are related to prior research, such as measurements taken from Mr. O'Farrell's camera.","The design requirements are listed, prioritized, generally clear, and detailed, but could benefit from more explicit structuring.",All design requirements listed are identified as high priority.,"The design requirements are nearly always objective and measurable, but could be more consistently so.",The design requirements have the potential to lead to a tangible and viable problem solution.,"There is evidence that requirements represent the needs of primary stakeholder groups, but could be further validated.",4.166666667
Case112_555555.docx,docx,Placeholder text for scoring.,5,5,5,5,5,5,0,3,3,3,4,0,CI-ok,CI-ok,CI-ok,CI-ok,CI-ok,CI-ok,The design requirements are related to prior research as they address the specific problem of retrieving badminton birdies from rafters.,"The design requirements are listed, prioritized, generally clear, and detailed, guiding the design decisions.","All design requirements are identified as high priority, indicating clear importance.","The design requirements are nearly always objective and measurable, providing a clear basis for evaluation.","The design requirements are highly likely to lead to a tangible and viable problem solution, addressing the key aspects of the problem.","There is no evidence presented that the requirements have been validated by primary stakeholder groups, impacting the credibility of the design.",3.666666667
Case113_555555.docx,docx,Placeholder text for scoring.,5,5,5,5,5,5,4,5,5,3,4,4,CI-ok,CI-ok,CI-ok,CI-ok,CI-ok,CI-ok,"The design requirements are related to prior research, but the linkage could be more explicit.","The design requirements are listed, prioritized, generally clear, and detailed, but prioritization could be more structured.",All design requirements listed are identified as high priority.,The design requirements are nearly always objective and measurable.,The design requirements would be highly likely to lead to a tangible and viable problem solution.,"There is evidence that requirements represent the needs of, and have been validated by, primary stakeholder groups (Dr. Steve Wancea and his assistants).",4.5
Case114_555555.docx,docx,Placeholder text for scoring.,5,5,5,5,5,5,2,4,4,4,4,3,CI-ok,CI-ok,CI-ok,CI-ok,CI-ok,CI-ok,"The design requirements mentioned in the document lack clear linkage to prior research or data. While some requirements are related to stakeholder needs, the connection to prior research is weak.","The design requirements are listed but lack prioritization and specificity. Some requirements are incomplete and lack detail, impacting the clarity of guiding design decisions.","Three high-priority design requirements are identified, but the distinction from other requirements could be clearer to strengthen the prioritization.","The design requirements are generally objective and measurable, but there are instances where more specificity could enhance measurability.","The design requirements have the potential to lead to a tangible and viable problem solution, but some areas could be further developed to enhance the likelihood of success.","There is moderate evidence that requirements represent the needs of primary stakeholder groups, but the validation by stakeholders could be more explicitly demonstrated to strengthen the score.",3
Case115_555555.docx,docx,Placeholder text for scoring.,5,5,5,5,5,5,0,2,0,3,3,2,CI-ok,CI-ok,CI-ok,CI-ok,CI-ok,CI-ok,The document mentions prior research but does not clearly link design requirements to it.,"Design requirements are listed and prioritized, but they lack detail and specificity.",No high-priority design requirements are clearly identified.,Design requirements are consistently objective and measurable.,"Design requirements have potential to lead to a tangible solution, but not highly likely.","There is evidence that requirements represent the needs of primary stakeholder groups, but not all stakeholders are clearly validated.",2.666666667
Case116_555555.docx,docx,Placeholder text for scoring.,5,5,5,5,5,5,4,5,5,4,4,3,CI-ok,CI-ok,CI-ok,CI-ok,CI-ok,CI-ok,"The design requirements are related to prior research, as mentioned in the document. The group incorporated information from conversations with engineers and the supervisor, as well as personal research, to develop the requirements.","The design requirements are listed, prioritized, generally clear, and detailed. The document provides a structured list of requirements with clear prioritization from high to low priority.",All high-priority design requirements are clearly identified in the document. The group has successfully distinguished and highlighted the high-priority requirements.,The design requirements are nearly always objective and measurable. Most requirements are clearly defined and can be objectively assessed.,The design requirements have the potential to lead to a tangible and viable problem solution. The document indicates that the requirements are likely to result in a solution.,"There is evidence that requirements represent the needs of primary stakeholder groups. The document mentions conversations with engineers, the supervisor, and research on neurodivergent brains to validate the requirements.",4.166666667
Case117_555555.docx,docx,Placeholder text for scoring.,5,5,5,5,5,5,3,4,3,4,4,0,CI-ok,CI-ok,CI-ok,CI-ok,CI-ok,CI-ok,"The design requirements are clearly related to prior research, such as the need for logos not to fade and the size of the advertising panel, which directly ties to the purpose of the mic flag.","The design requirements are listed, prioritized, generally clear, and detailed. While there is clear prioritization and detail, some requirements could benefit from more specificity.","Three high-priority design requirements are identified. While the importance of these requirements is clear, they could be more explicitly distinguished from other requirements.","The design requirements are nearly always objective and measurable. Most requirements are framed in an objective and measurable manner, although some could be further refined for clarity.","The design requirements have the potential to lead to a tangible and viable problem solution. The specified requirements, such as durability and advertising space, are likely to contribute to a feasible solution.","There is evidence that requirements represent the needs of primary stakeholder groups. The involvement of Mr. O'Farrell as a stakeholder is acknowledged, but further validation from additional stakeholders could strengthen the score.",4
Case118_555555.docx,docx,Placeholder text for scoring.,5,5,5,5,5,5,0,3,3,2,3,1,CI-ok,CI-ok,CI-ok,CI-ok,CI-ok,CI-ok,"The document clearly lists design requirements and priorities, but the direct linkage to prior research is not explicitly stated.","The design requirements are listed and prioritized, but the level of detail provided is somewhat limited.","Four high-priority design requirements are identified, but the distinction between high and low priority could be clearer.","The design requirements are generally objective and measurable, but there are some areas where more specificity could be provided.","The design requirements have the potential to lead to a tangible and viable problem solution, but there are areas where more clarity could enhance this.","There is some evidence of stakeholder validation, but the document lacks clear validation from multiple primary stakeholder groups.",3.166666667
